2026-05-10_15-51-42,0,draft.go:2026-05-10_15-51-42
2026-05-10_16-08-38,0,draft.go:2026-05-10_16-08-38
2026-05-10_16-09-14,0,draft.go:2026-05-10_16-08-38
2026-05-10_16-09-50,0,draft.go:2026-05-10_16-09-50
2026-05-10_16-10-18,0,draft.go:2026-05-10_16-09-50
2026-05-10_16-10-20,---,draft.go:2026-05-10_16-09-50
2026-05-10_16-13-35,0,draft.go:2026-05-10_16-13-35
2026-05-10_16-14-24,0,draft.go:2026-05-10_16-14-24
2026-05-10_16-15-24,0,draft.go:2026-05-10_16-15-24
2026-05-10_16-16-09,100,draft.go:2026-05-10_16-16-09
