2026-06-08_11-11-08,0,main.go:2026-06-08_11-11-08;queue.go:2026-06-08_11-11-08
2026-06-08_11-12-36,100,main.go:2026-06-08_11-12-36
2026-07-01_20-26-49,100,main.go:2026-06-08_11-12-36
2026-07-01_20-33-41,0,main.go:2026-07-01_20-33-41
2026-07-05_21-11-29,0,main.go:2026-07-05_21-11-29
2026-07-05_21-17-49,0,main.go:2026-07-05_21-17-49
2026-07-05_21-24-38,0,main.go:2026-07-05_21-24-38
2026-07-05_21-25-25,0,main.go:2026-07-05_21-25-25
2026-07-05_21-27-04,100,main.go:2026-07-05_21-27-04
2026-07-05_21-28-23,100,main.go:2026-07-05_21-28-23
