2026-05-19_15-43-47,0,dlist.go:2026-05-19_15-43-47;main.go:2026-05-19_15-43-47
2026-05-19_15-48-28,0,dlist.go:2026-05-19_15-48-28;main.go:2026-05-19_15-43-47
2026-05-19_15-52-12,0,dlist.go:2026-05-19_15-52-12;main.go:2026-05-19_15-43-47
2026-05-19_16-36-56,0,main.go:2026-05-19_16-36-56
2026-05-19_16-37-17,0,main.go:2026-05-19_16-36-56
2026-05-19_16-40-30,0,main.go:2026-05-19_16-40-30
2026-05-19_16-41-00,0,main.go:2026-05-19_16-41-00
2026-05-19_16-41-01,0,main.go:2026-05-19_16-41-00
2026-05-19_16-41-02,0,main.go:2026-05-19_16-41-00
2026-05-19_16-41-02,0,main.go:2026-05-19_16-41-00
2026-05-19_16-41-03,0,main.go:2026-05-19_16-41-00
2026-05-19_16-41-03,0,main.go:2026-05-19_16-41-00
2026-05-19_16-41-04,0,main.go:2026-05-19_16-41-00
2026-05-19_16-41-06,0,main.go:2026-05-19_16-41-00
2026-05-19_16-41-06,0,main.go:2026-05-19_16-41-00
2026-05-19_16-41-06,0,main.go:2026-05-19_16-41-00
2026-05-19_16-54-39,0,main.go:2026-05-19_16-41-00
2026-05-19_16-55-43,0,main.go:2026-05-19_16-55-43
2026-05-19_17-00-38,0,main.go:2026-05-19_17-00-38
2026-05-19_17-01-14,0,main.go:2026-05-19_17-01-14
2026-05-19_17-02-00,100,main.go:2026-05-19_17-02-00
2026-05-19_17-03-29,100,main.go:2026-05-19_17-02-00
