2026-03-15_13-50-25,---,draft.go:2026-03-15_13-50-25
2026-03-15_13-53-41,---,draft.go:2026-03-15_13-50-25
2026-03-15_13-54-12,0,draft.go:2026-03-15_13-50-25
2026-03-15_13-54-44,0,draft.go:2026-03-15_13-54-44
2026-03-15_13-55-18,100,draft.go:2026-03-15_13-55-18
2026-03-15_13-55-39,100,draft.go:2026-03-15_13-55-18
2026-03-15_13-55-40,100,draft.go:2026-03-15_13-55-18
2026-03-15_13-56-05,100,draft.go:2026-03-15_13-55-18
2026-03-15_13-56-10,---,draft.go:2026-03-15_13-55-18
2026-03-15_13-56-19,100,draft.go:2026-03-15_13-55-18
2026-03-15_13-56-39,100,draft.go:2026-03-15_13-55-18
2026-03-15_13-56-44,100,draft.go:2026-03-15_13-55-18
2026-03-15_13-56-46,100,draft.go:2026-03-15_13-55-18
2026-03-15_13-57-10,100,draft.go:2026-03-15_13-55-18
2026-03-15_13-57-11,100,draft.go:2026-03-15_13-55-18
2026-03-15_13-57-16,100,draft.go:2026-03-15_13-55-18
2026-03-15_13-57-22,100,draft.go:2026-03-15_13-55-18
2026-03-18_10-12-27,100,draft.go:2026-03-15_13-55-18
