2026-06-29_08-45-01,0,main.go:2026-06-29_08-45-01;queue.go:2026-06-29_08-45-01
2026-06-29_08-45-22,0,main.go:2026-06-29_08-45-01;queue.go:2026-06-29_08-45-01
2026-06-29_08-47-35,0,main.go:2026-06-29_08-47-35;queue.go:2026-06-29_08-45-01
2026-06-29_09-06-50,---,main.go:2026-06-29_09-06-50;queue.go:2026-06-29_08-45-01
2026-06-29_09-15-30,0,main.go:2026-06-29_09-15-30;queue.go:2026-06-29_08-45-01
2026-06-29_09-18-02,0,main.go:2026-06-29_09-18-02;queue.go:2026-06-29_08-45-01
2026-06-29_09-18-16,0,main.go:2026-06-29_09-18-02;queue.go:2026-06-29_08-45-01
2026-06-29_09-19-39,0,main.go:2026-06-29_09-19-39;queue.go:2026-06-29_08-45-01
2026-06-29_09-23-49,0,main.go:2026-06-29_09-23-49;queue.go:2026-06-29_08-45-01
2026-06-29_09-46-15,0,main.go:2026-06-29_09-46-15;queue.go:2026-06-29_08-45-01
2026-06-29_09-47-55,0,main.go:2026-06-29_09-46-15;queue.go:2026-06-29_08-45-01
2026-06-29_09-48-51,0,main.go:2026-06-29_09-46-15;queue.go:2026-06-29_08-45-01
2026-06-29_09-52-02,0,main.go:2026-06-29_09-52-02;queue.go:2026-06-29_08-45-01
2026-06-29_09-52-27,0,main.go:2026-06-29_09-52-27;queue.go:2026-06-29_08-45-01
2026-06-29_09-57-01,0,main.go:2026-06-29_09-57-01;queue.go:2026-06-29_08-45-01
2026-06-29_09-58-20,0,main.go:2026-06-29_09-58-20;queue.go:2026-06-29_08-45-01
2026-06-29_09-58-33,0,main.go:2026-06-29_09-58-20;queue.go:2026-06-29_08-45-01
2026-06-29_09-59-30,0,main.go:2026-06-29_09-58-20;queue.go:2026-06-29_08-45-01
2026-06-29_10-02-11,100,main.go:2026-06-29_10-02-11;queue.go:2026-06-29_08-45-01
